example1_0,10,2988
example1_1,10,2890
example1_3,10,1115
example1_4,10,1298
example1_5,10,1167
example1_6,10,1194
example1_7,10,1205
example1_8,10,1255
example1_9,10,1245
example1_11,10,1696
example1_12,10,1761
example1_16,10,2070
example1_28,10,1679
example1_29,10,1764
example1_30,10,1734
example1_31,10,1626
example1_32,100,11202
example1_35,100,11642
example1_36,10,1690
example1_37,10,1693
example1_38,10,3153
example1_51,10,1751
example1_52,10,2183
example1_54,10,2101
example1_55,40,5619
example1_56,40,6794
example1_57,40,9376
example1_58,40,5377
example1_59,40,4861
example1_60,40,5260
example1_61,40,5390
example1_62,40,5728
example1_64,22,3401
example1_65,40,6099
example1_66,31,39075
example1_67,7,2477
example1_68,40,5564
example1_70,40,5487
example1_71,40,5629
example1_72,40,5921
example1_63,24,1782991
example1_73,35,4843
example1_74,37,5133
example1_75,40,5195
example1_76,40,6320
example1_77,40,6518
example1_78,40,6235
example1_79,40,6142
example1_80,40,6474
example1_81,10,45952
example1_82,40,6653
example1_83,4,2081
example1_84,40,6433
example1_85,15,6873
example1_86,40,5945
example1_87,1000,126057
example1_89,171,80171
example1_90,150,16615
example1_93,27,12526
example1_94,40,6686
example1_95,40,6273
example1_97,40,6242
example1_100,588,244582
example1_111,67,13099
example1_112,91,15628
example1_119,24,13562
example1_123,23,9774
example1_125,40,7581
example1_126,40,7848
example1_127,40,9291
example1_128,40,9133
example1_129,40,9865
example1_130,40,12979
example1_131,8,66814
example1_132,40,5447
example1_133,40,9486
example1_137,8,17612
example1_138,40,31135
example1_139,40,10910
example1_140,40,9906
example1_141,40,8338
example1_142,40,8472
example1_143,40,9388
example1_144,12,3351
example1_145,40,10158
example1_146,40,9126
example1_147,16,4228
example1_148,5,1884
example1_149,3,1365
example1_150,4,1576
example1_151,2,1361
example1_152,40,8084
example1_153,40,9808
example1_154,24,6795
example1_155,40,9756
example1_157,40,8643
example1_158,3,1368
example1_159,11,3224
example1_160,4,1649
example1_161,10,3130
example1_162,2,1445
example1_163,7,24950
example1_164,40,8402
example1_165,40,8955
example1_166,40,8700
example1_167,40,10160
example1_168,40,8608
example1_169,40,8882
example1_170,40,11326
example1_171,40,8225
example1_172,40,9195
example1_173,40,8033
example1_174,977,146228
example1_175,288,45368
example1_181,40,10082
example1_182,40,10437
example1_183,2,2990
example1_184,40,12252
example1_185,40,13502
example1_187,40,17844
example1_188,39,14326
example1_186,40,20279
example1_190,40,27358
example1_189,11,712442
example1_192,40,11087
example1_193,40,10436
example1_194,40,9852
example1_195,3,1906
example1_196,4,2399
example1_197,2,2603
example1_198,20,8935
example1_199,40,10790
example1_200,40,10603
example1_201,40,15086
example1_203,4,7680
example1_204,7,4426
example1_205,40,11010
example1_206,6,4520
example1_207,21,6458
example1_208,40,11390
example1_209,40,12841
example1_210,34,9613
example1_211,5,3901
example1_212,40,10707
example1_213,5,2447
example1_214,4,1577
example1_215,7,3476
example1_216,40,16945
example1_217,35,9625
example1_218,4,9129
example1_219,40,13078
example1_220,40,13445
example1_221,38,16129
example1_222,40,10139
example1_223,40,6940
example1_224,9,3661
example1_225,40,10171
example1_226,40,10580
example1_227,5,2244
example1_228,21,7975
example1_229,16,6020
example1_230,21,7512
example1_231,25,7387
example1_232,15,5574
example1_233,9,3655
example1_234,40,10245
example1_235,40,10093
example1_236,40,10030
example1_237,6,2801
example1_238,40,11246
example1_239,40,10644
example1_240,40,9807
example1_241,40,8868
example1_243,40,10851
example1_245,40,14797
example1_244,40,17110
example1_246,40,9220
example1_247,40,10348
example1_248,9,1585600
example1_249,16,5696
example1_250,40,9695
example1_251,40,9996
example1_252,40,10259
example1_253,40,9333
example1_254,40,9078
example1_256,193,132024
example1_257,9,2750
example1_258,9,1977
example1_259,7,1805
example1_260,9,1975
example1_261,9,2852
example1_262,9,2312
example1_263,9,2192
example1_264,9,2360
example1_265,9,2628
example1_266,9,355922
example1_267,9,2742
example1_268,9,3036
example1_269,9,2393
example1_270,9,2267
example1_279,9,2253
example1_280,9,1952
example1_281,21,3628
example1_282,21,3684
example1_283,21,3446
example1_284,21,3744
example1_285,21,3574
example1_286,21,4327
example1_287,21,3584
example1_288,21,3751
example1_289,21,3841
example1_290,10,2089
example1_291,13,2358
example1_292,21,3671
example1_293,5,57070
example1_294,8,23954
example1_295,5,28671
example1_297,21,3815
example1_298,21,4066
example1_299,21,4626
example1_301,21,3685
example1_302,21,3647
example1_304,40,6751
example1_305,40,7915
example1_306,40,7921
example1_307,40,8674
example1_308,510,86218
example1_309,33,6037
example1_310,44,8201
example1_311,15,2928
example1_312,13,2808
example1_313,44,7045
example1_314,9,1989
example1_315,42,7271
example1_316,35,6082
example1_317,32,5277
example1_318,7,1341
example1_319,7,1512
example1_320,7,1519
example1_321,5,13692
example1_324,7,1483
example1_325,7,1469
example1_326,7,1451
example1_327,7,1563
example1_328,7,1595
example1_329,7,1851
example1_330,7,1795
example1_331,7,1592
example1_332,7,1624
example1_333,7,2156
example1_334,7,1669
example1_335,7,1648
example1_336,7,1664
example1_337,7,1581
example1_338,7,1660
example1_339,7,1892
example1_340,7,1716
example1_341,7,1710
example1_342,7,1436
example1_343,7,1620
example1_344,7,1422
example1_345,7,1616
example1_346,7,1422
example1_347,7,1603
example1_348,7,1836
example1_349,7,1455
example1_350,7,1626
example1_351,7,1562
example1_352,7,1615
example1_353,7,1407
example1_358,40,9945
example1_359,40,9798
example1_360,40,11025
example1_361,40,8904
example1_362,40,9041
example1_363,40,6882
example1_364,40,9922
example1_365,40,10234
example1_366,40,9496
example1_367,40,9533
example1_368,40,10590
example1_369,40,9597
example1_371,40,9296
example1_372,40,10522
example1_373,40,6865
example1_374,40,6849
example1_375,40,6583
example1_376,40,6286
example1_382,40,6291
example1_386,9,2024
example1_387,9,10790
example1_388,40,7391
example1_389,40,5961
example1_390,40,6167
example1_392,18,16183
example1_393,180,24586
example1_394,180,24430
example1_395,180,26649
example1_396,180,24489
example1_397,8,2469662
example1_398,180,52850
example1_401,180,24532
example1_402,126,17781
example1_403,45,6682
example1_404,143,25752
example1_405,57,8732
example1_406,59,9151
example1_407,101,13955
example1_408,26,4201
example1_409,137,22191
example1_410,10,2019
example1_411,12,2186
example1_412,180,67769
example1_416,180,38806
example1_417,40,6654
example1_418,40,6843
example1_419,40,6367
example1_420,40,6257
example1_421,40,6877
example1_422,40,6887
example1_424,4,1579
example1_423,40,8898
example1_425,40,6186
example1_426,40,7522
example1_427,40,7391
example1_428,40,7149
example1_429,40,8576
example1_430,18,4463
example1_431,40,7779
example1_432,27,6264
example1_433,40,11201
example1_434,40,8960
example1_435,40,8414
example1_436,5,1801
example1_437,40,8811
example1_438,40,8257
example1_443,40,7778
example1_445,40,8109
example1_447,40,9170
example1_448,40,6746
example1_449,40,6884
example1_450,40,6833
example1_451,40,10281
example1_452,40,9096
example1_453,30,5377
example1_454,24,4932
example1_461,25,4616
example1_462,40,7195
example1_463,40,6778
example1_464,40,7417
example1_465,40,6645
example1_466,40,6977
example1_467,40,8333
example1_468,11,2073
example1_469,40,6209
example1_470,15,2826
example1_471,40,6124
example1_472,40,6050
example1_473,40,6717
example1_474,40,6368
example1_475,40,6385
example1_476,40,6383
example1_478,40,6634
example1_479,18,3460
example1_480,40,6702
example1_481,40,5989
example1_482,40,6588
example1_483,40,17930
example1_484,40,13014
example1_485,40,15839
example1_486,40,10584
example1_488,40,10725
example1_490,40,47272
example1_491,1,23093
example1_494,40,7351
example1_495,40,7981
example1_496,40,9426
example1_497,33,28297
example1_498,40,6565
example1_499,40,6330
example1_500,40,5085
example1_501,40,4850
example1_504,40,63408
example1_505,1,60205
example1_506,40,49053
example1_507,40,6324
example1_508,40,5278
example1_509,19,2341
example1_510,40,5372
example1_511,21,2539
example1_512,40,5061
example1_513,40,4724
example1_514,11,1439
example1_515,40,4936
example1_516,40,5288
example1_517,40,5405
example1_518,40,24196
example1_519,40,29524
example1_520,40,6175
example1_521,40,8024
example1_522,40,8500
example1_523,1,16366
example1_525,40,15622
example1_526,40,6879
example1_527,40,6912
example1_529,16,3650
example1_530,40,9328
example1_531,6,11011
example1_532,15,11605
example1_533,4,6040
example1_534,25,4058
example1_535,40,8690
example1_536,40,6222
example1_538,1,1959
example1_537,4,82210
example1_539,40,6137
example1_540,4,15355
example1_541,4,4323
example1_543,1,82520
example1_544,3,2436
example1_545,40,7094
example1_546,6,2297
example1_547,29,11780
example1_549,1,2189
example1_548,4,245433
example1_550,29,23243
example1_551,40,5649
example1_552,4,16411
example1_553,5,20727
example1_554,40,7805
example1_555,40,6123
example1_556,40,6487
example1_557,40,15050
example1_558,40,7468
example1_559,6,6286
example1_560,29,5455
example1_561,1,6167
example1_562,1,2763
example1_563,1,75175
example1_564,1,12981
example1_565,1,3363
example1_566,1,9963
example1_567,1,2159
example1_568,3,2816
example1_569,10,3212
example1_570,1,4364
example1_571,3,5688
example1_572,11,9675
example1_573,1,9231
example1_574,40,20632
example1_576,3,2546
example1_577,3,3908
example1_578,1,3767
example1_579,11,6988
example1_580,40,8008
example1_581,10,308242
example1_582,5,5599
example1_583,3,7916
example1_584,29,6505
example1_586,25,5298
example1_587,24,8872
example1_588,26,5724
example1_589,9,3372
example1_590,1,2273
example1_591,3,2301
example1_592,3,3400
example1_594,10,3859
example1_595,7,3013
example1_596,12,3781
example1_597,3,2453
example1_598,40,10118
example1_599,40,6637
example1_600,3,3561
example1_601,1,2896
example1_602,1,9007
example1_603,1,2445
example1_604,1,2752
example1_605,5,2989
example1_606,19,4809
example1_607,1,2939
example1_608,5,2682
example1_609,1,3578
example1_610,1,3055
example1_611,1,7472
example1_612,3,2048
example1_613,1,2840
example1_614,3,2063
example1_615,4,4709
example1_616,3,2172
example1_617,4,2294
example1_618,3,2931
example1_619,4,2366
example1_620,4,2471
example1_621,3,2096
example1_622,4,2286
example1_623,6,2148
example1_624,4,1832
example1_625,3,2233
example1_626,4,2563
example1_627,8,2670
example1_628,5,2782
example1_629,8,3038
example1_630,5,2505
example1_631,1,3307
example1_632,4,4435
example1_633,1,50483
example1_634,1,2375
example1_635,40,5915
example1_638,40,6800
example1_639,40,5957
example1_640,1,34635
example1_641,23,6642
example1_642,14,3400
example1_643,11,2902
example1_644,14,4574
example1_645,15,102794
example1_646,40,15603
example1_648,40,19884
example1_649,40,12953
example1_650,1,3832
example1_651,40,47083
example1_652,8,68891
example1_653,40,14819
example1_654,16,10500
example1_655,40,12168
example1_656,40,13922
example1_657,40,6943
example1_658,40,23827
example1_659,6,16076
example1_660,2,108489
example1_661,40,27126
example1_662,26,5362
example1_663,40,23334
example1_664,40,6780
example1_665,40,353608
example1_667,1,3225
example1_666,40,11141
example1_668,4,15249
example1_669,8,161350
example1_670,40,35416
example1_671,21,29978
example1_673,27,32415
example1_672,6,467073
example1_674,40,25886
example1_675,3,23498
example1_676,40,67363
example1_677,2,123935
example1_678,40,22055
example1_679,23,29884
example1_680,40,32947
example1_681,1,6836
example1_685,1,3916
example1_684,3,486534
example1_686,1,2587
example1_687,1,13331
example1_688,6,10644
example1_689,25,6573
example1_690,40,19765
example1_691,1,3947
example1_692,4,6217
example1_693,3,5088
example1_694,1,4636
example1_695,38,29830
example1_696,40,46450
example1_697,40,39571
example1_698,8,68222
example1_699,10,8921
example1_700,2,4841
example1_701,40,21524
example1_702,40,80808
example1_703,40,25544
example1_704,40,20079
example1_705,40,15548
example1_706,40,28010
example1_707,5,10943
example1_708,8,4348
example1_710,3,6602
example1_711,40,18222
example1_713,1,20333
example1_712,1,26280
example1_714,40,52376
example1_715,8,12911
example1_718,40,35767
example1_721,40,16172
example1_722,40,16921
example1_723,14,18946
example1_724,40,8387
example1_725,6,35102
example1_726,5,28265
example1_727,40,12560
example1_728,40,23633
example1_729,40,30223
example1_730,40,62743
example1_731,6,101844
example1_732,6,89627
example1_733,11,29541
example1_735,40,57415
example1_737,1,3055
example1_739,40,44712
example1_740,5,89876
example1_741,5,13304
example1_743,4,22062
example1_744,18,21226
example1_745,27,101795
example1_746,4,38767
example1_747,5,80148
example1_752,40,215012
example1_753,40,91849
example1_754,17,306782
example1_760,4,81788
example1_761,6,702204
example1_762,4,25666
example1_763,6,47767
example1_764,8,409329
example1_765,1,66700
example1_766,4,18320
example1_767,4,10024
example1_768,4,19125
example1_772,5,30923
example1_773,6,48223
example1_774,5,104646
example1_775,4,37105
example1_776,1,13152
example1_777,1,2697
example1_778,6,29899
example1_779,40,60110
example1_780,4,49021
example1_781,4,35817
example1_782,4,69936
example1_783,40,55128
example1_784,5,16435
example1_785,4,16086
example1_786,40,49194
example1_790,4,46305
example1_792,10,71602
example1_793,4,66096
example1_795,4,259053
example1_796,5,30500
example1_797,4,37116
example1_798,4,34163
example1_799,5,7817
example1_800,5,8588
example1_801,1,4914
example1_802,10,17186
example1_803,40,27952
example1_804,3,8347
example1_805,1,3731
example1_806,6,10939
example1_807,40,36292
example1_809,11,17827
example1_810,40,21722
example1_811,26,63278
example1_812,40,32603
example1_813,40,17486
example1_814,40,8980
example1_815,5,7379
example1_816,40,16849
example1_817,40,77766
example1_818,40,633190
example1_819,5,223397
example1_820,37,78860
example1_821,40,71706
example1_822,39,223874
example1_825,4,315466
example1_826,4,28635
example1_827,4,14566
example1_828,4,220948
example1_829,12,45116
example1_830,5,143426
example1_832,2,15494
example1_834,2,7520
example1_835,40,13178
example1_836,4,154252
example1_837,4,33412
example1_838,4,14916
example1_844,1,3999
example1_847,24,31426
example1_848,40,2655623
example1_849,8,42920
example1_850,2,25020
example1_852,5,9505
example1_853,1,26081
example1_855,2,4702
example1_857,4,10559
example1_858,3,7639
example1_859,2,16324
example1_862,40,29601
example1_863,4,11887
example1_864,4,10004
example1_866,35,109201
example1_867,5,7378
example1_868,40,148569
example1_869,26,48988
example1_870,1,4132
example1_871,1,1730
example1_872,3,21761
example1_873,5,27866
example1_875,40,34360
example1_876,4,13336
example1_874,28,450194
example1_877,4,22271
example1_878,5,28394
example1_879,40,49392
example1_883,40,65944
example1_884,40,28971
example1_885,4,15292
example1_886,6,14231
example1_887,4,8930
example1_888,12,61616
example1_889,4,20220
example1_892,4,34553
example1_896,26,57048
example1_898,40,12239
example1_900,3,10374
example1_903,4,8953
example1_904,40,24251
example1_919,4,10514
example1_920,486,66875
example1_921,114,46076
example1_923,1,48684
example1_924,23,8661
example1_925,5,50971
example1_926,211,36487
example1_927,180,24298
example1_929,744,106047
example1_930,9,15965
example1_931,5,7853
example1_932,76,11955
example1_934,262,36851
example1_935,173,27108
example1_936,138,19700
example1_937,136,31451
example1_938,334,46419
example1_942,160,26986
example1_944,193,25044
example1_946,182,25573
example1_952,1048,132259
example1_953,1682,240886
example1_954,1,23350
example1_955,1682,257233
example1_956,1,11664
example1_957,692,99917
example1_958,755,118484
example1_959,234,41070
example1_960,336,47260
example1_961,308,41895
example1_962,566,80552
example1_963,5,15062
example1_964,1372,183416
example1_965,781,127408
example1_966,32,8599
example1_967,2,4645
example1_968,1,4694
example1_969,1,1655
example1_970,4,19429
example1_971,9,14327
example1_972,25,7894
example1_973,5,6055
example1_976,4,7920
example1_977,258,78388
example1_979,284,117375
example1_981,209,41194
example1_982,271,47553
example1_983,17,28310
example1_984,4,8518
example1_985,8,18588
example1_986,214,36425
example1_988,197,118060
example1_989,1,1788
example1_990,19,74212
example1_991,95,22298
example1_992,33,6938
example1_993,2,5287
example1_994,5,9435
example1_995,1,4428
example1_996,3,5082
example1_997,1,4227
example1_998,1,2392
example1_999,5,125197
example1_1000,9,57868
example1_1001,40,18749
example1_1002,4,17432
example1_1003,4,14202
example1_1004,4,30852
example1_1005,8,50471
example1_1006,1,785
example1_1007,32,36655
example1_1008,9,42419
example1_1009,7,14257
example1_1010,4,32196
example1_1011,122,82720
example1_1012,4,20903
example1_1013,4,24599
example1_1014,129,19004
example1_1015,129,32861
example1_1016,765,123344
example1_1017,662,113561
example1_1018,240,41964
example1_1019,1682,261363
example1_1020,55,13991
example1_1021,69,2144742
example1_1023,29,23715
example1_1024,29,11806
example1_1026,41,17603
example1_1027,41,248587
